# perfil	nome	metodo	spec   (ghrel: owner/repo|asset|binario ; gomod: modulo@versao ; kubectl: -)
# fontes verificadas em 2026-10-08, exceto kubectl (dl.k8s.io, nao alcancavel de onde foi escrito) e os gomod (modulos conferidos no go.mod; go install nao executado)
base	uv	ghrel	astral-sh/uv|uv-x86_64-unknown-linux-gnu.tar.gz|uv
base	uvx	ghrel	astral-sh/uv|uv-x86_64-unknown-linux-gnu.tar.gz|uvx
devops	kubectl	kubectl	-
devops	k3d	ghrel	k3d-io/k3d|k3d-linux-amd64|k3d
devops	argocd	ghrel	argoproj/argo-cd|argocd-linux-amd64|argocd
devops	sops	ghrel	getsops/sops|sops-{tag}.linux.amd64|sops
devops	kubeseal	ghrel	bitnami-labs/sealed-secrets|kubeseal-{ver}-linux-amd64.tar.gz|kubeseal
devops	stern	ghrel	stern/stern|stern_{ver}_linux_amd64.tar.gz|stern
devops	kubectx	ghrel	ahmetb/kubectx|kubectx_{tag}_linux_x86_64.tar.gz|kubectx
devops	kubens	ghrel	ahmetb/kubectx|kubens_{tag}_linux_x86_64.tar.gz|kubens
devops	act	ghrel	nektos/act|act_Linux_x86_64.tar.gz|act
devops	lazydocker	ghrel	jesseduffield/lazydocker|lazydocker_{ver}_Linux_x86_64.tar.gz|lazydocker
devops	k9s	ghrel	derailed/k9s|k9s_Linux_amd64.tar.gz|k9s
devops	terragrunt	ghrel	gruntwork-io/terragrunt|terragrunt_linux_amd64|terragrunt
devops	kubeconform	ghrel	yannh/kubeconform|kubeconform-linux-amd64.tar.gz|kubeconform
devops	node_exporter	ghrel	prometheus/node_exporter|node_exporter-{ver}.linux-amd64.tar.gz|node_exporter
devops	nixpacks	ghrel	railwayapp/nixpacks|nixpacks-{tag}-x86_64-unknown-linux-musl.tar.gz|nixpacks
devsecops	trivy	ghrel	aquasecurity/trivy|trivy_{ver}_Linux-64bit.tar.gz|trivy
devsecops	grype	ghrel	anchore/grype|grype_{ver}_linux_amd64.tar.gz|grype
devsecops	syft	ghrel	anchore/syft|syft_{ver}_linux_amd64.tar.gz|syft
devsecops	cosign	ghrel	sigstore/cosign|cosign-linux-amd64|cosign
devsecops	hadolint	ghrel	hadolint/hadolint|hadolint-linux-x86_64|hadolint
devsecops	opengrep	ghrel	opengrep/opengrep|opengrep_manylinux_x86|opengrep
pentest	nuclei	gomod	github.com/projectdiscovery/nuclei/v3/cmd/nuclei@latest
pentest	subfinder	gomod	github.com/projectdiscovery/subfinder/v2/cmd/subfinder@latest
pentest	httpx	gomod	github.com/projectdiscovery/httpx/cmd/httpx@latest
pentest	katana	gomod	github.com/projectdiscovery/katana/cmd/katana@latest
pentest	naabu	gomod	github.com/projectdiscovery/naabu/v2/cmd/naabu@latest
pentest	ffuf	gomod	github.com/ffuf/ffuf/v2@latest
pentest	gobuster	gomod	github.com/OJ/gobuster/v3@latest
pentest	httprobe	gomod	github.com/tomnomnom/httprobe@latest
pentest	waybackurls	gomod	github.com/tomnomnom/waybackurls@latest
pentest	assetfinder	gomod	github.com/tomnomnom/assetfinder@latest
go	gopls	gomod	golang.org/x/tools/gopls@latest
go	staticcheck	gomod	honnef.co/go/tools/cmd/staticcheck@latest
go	govulncheck	gomod	golang.org/x/vuln/cmd/govulncheck@latest
go	dlv	gomod	github.com/go-delve/delve/cmd/dlv@latest
go	cobra-cli	gomod	github.com/spf13/cobra-cli@latest
go	goreleaser	gomod	github.com/goreleaser/goreleaser/v2@latest
go	task	gomod	github.com/go-task/task/v3/cmd/task@latest
go	golangci-lint	ghrel	golangci/golangci-lint|golangci-lint-{ver}-linux-amd64.tar.gz|golangci-lint
go	lazygit	ghrel	jesseduffield/lazygit|lazygit_{ver}_linux_x86_64.tar.gz|lazygit
go	glow	ghrel	charmbracelet/glow|glow_{ver}_Linux_x86_64.tar.gz|glow
